exp_id,scheduler,cpu,io,mem_load,T_cpu_percent_avg,T_cpu_percent_delta,T_cpu_percent_pct_change,T_iowait_percent_avg,T_iowait_percent_delta,T_iowait_percent_pct_change,T_irq_percent_avg,T_irq_percent_delta,T_irq_percent_pct_change,T_softirq_percent_avg,T_softirq_percent_delta,T_softirq_percent_pct_change,T_run_queue_avg,T_run_queue_delta,T_run_queue_pct_change,T_active_threads_avg,T_active_threads_delta,T_active_threads_pct_change,T_blocked_threads_avg,T_blocked_threads_delta,T_blocked_threads_pct_change,T_io_blocked_threads_avg,T_io_blocked_threads_delta,T_io_blocked_threads_pct_change,T_mem_used_avg,T_mem_used_delta,T_mem_used_pct_change,T_mem_available_avg,T_mem_available_delta,T_mem_available_pct_change,T_swap_used_avg,T_swap_used_delta,T_swap_used_pct_change,T_cache_mem_avg,T_cache_mem_delta,T_cache_mem_pct_change,T_buffers_mem_avg,T_buffers_mem_delta,T_buffers_mem_pct_change,T_swap_in_total_delta,T_swap_in_total_pct_change,T_swap_out_total_delta,T_swap_out_total_pct_change,T_io_read_total_delta,T_io_read_total_pct_change,T_io_write_total_delta,T_io_write_total_pct_change,T_nvcsw_total_delta,T_nvcsw_total_pct_change,T_vcsw_total_delta,T_vcsw_total_pct_change,Average_TAT,Average_RT,Total_Experiment_Duration,CV_Fairness
4fdb68f2-62ee-490a-b65f-8eeda65cdf6b,CFS,5,2,1,25.46,0.7999999999999998,31.999999999999996,0.0,0.0,0.0,0.0,0.0,0,0.0,0.0,0.0,4.0,0,0.0,2.4,1,50.0,0.0,0,0,0.0,0,0,780225740.8,249348096,44.91069650089635,3305706291.2,-249348096,-7.06223832444115,0.0,0,0,824698470.4,24633344,3.0465750093717388,55178854.4,2301952,4.286150091519219,0,0,0,0,0,0.0,31481856,9.455909943714822,63618,12.02479127957857,63618,12.02479127957857,0.7222631571428533,0.0011015238095217407,5.062106000000085,0.77360093307271
0b351b0a-34a0-4dc9-a5bb-dc5c8974013c,CFS,5,2,1,20.344444444444445,-25.1,-100.0,0.0,0.0,0.0,0.0,0.0,0,0.0,0.0,0.0,4.0,0,0.0,2.4444444444444446,1,50.0,0.0,0,0,0.0,0,0,1093721201.7777777,85954560,11.149601780960932,2992210830.2222223,-85954560,-2.5928886769163095,0.0,0,0,830395278.2222222,25747456,3.1836391537982345,57824597.333333336,2314240,4.131929208717273,0,0,0,0,0,0.0,32419840,8.896407155341498,66610,11.235670766677238,66610,11.235670766677238,0.5476963600000044,0.0003941919191923014,6.569885999999997,0.8809944152377649
b38e588a-958e-4b4c-bf64-5034e677cf41,CFS,5,2,1,22.725,-10.3,-41.03585657370518,0.0,0.0,0.0,0.0,0.0,0,0.0375,0.0,0.0,4.0,0,0.0,2.5,1,50.0,0.0,0,0,0.0,0,0,1038981120.0,43606016,5.460691331934734,3046950912.0,-43606016,-1.3264638636406112,0.0,0,0,829921280.0,25870336,3.1985739100489714,60186624.0,2453504,4.206756092422221,0,0,0,0,0,0.0,33464320,8.432808476159511,67110,10.174564044718961,67110,10.174564044718961,0.5519793599999957,0.0008243913043560516,6.584385999999995,0.7549827655811585
cac43a01-4d12-4c27-ab76-653dcc789a79,CFS,5,2,1,21.9375,-15.999999999999998,-68.37606837606837,0.0,0.0,0.0,0.0,0.0,0,0.0,0.0,0.0,4.0,0,0.0,2.25,1,50.0,0.0,0,0,0.0,0,0,1181165056.0,26431488,3.1547453177478255,2904766976.0,-26431488,-0.8137524543091806,0.0,0,0,830010368.0,25604096,3.1650953427376476,62497792.0,2236416,3.679741205014153,0,0,0,0,0,0.0,32456704,7.542823418543884,66304,9.123194218748065,66304,9.123194218748065,0.42454772307692196,0.0005538650793643307,6.573636000000079,0.9534707330383311
ff93045c-5a49-476c-b0aa-dbc33d04ff80,CFS,5,2,1,21.522222222222222,-19.4,-75.4863813229572,0.0,0.0,0.0,0.0,0.0,0,0.022222222222222223,0.0,0.0,4.0,0,0.0,2.6666666666666665,1,50.0,0.0,0,0,0.0,0,0,1130099143.1111112,-299008,-0.03560055205239621,2955832888.888889,299008,0.009211484323441713,0.0,0,0,830779847.1111112,25542656,3.1573724342551617,64876088.88888889,2351104,3.7311492459698385,0,0,0,0,0,0.0,32702464,7.066893850545462,66212,8.346548407510028,66212,8.346548407510028,0.5498931099999936,0.0007820947368432635,6.5690570000000434,0.8085443689341493
e67b817a-6492-48ac-ab68-01e902b50b8d,CFS,5,2,1,28.27,-16.6,-69.16666666666667,0.0,0.0,0.0,0.0,0.0,0,0.0,0.0,0.0,4.0,0,0.0,2.6,1,50.0,0.0,0,0,0.0,0,0,1185161216.0,27639808,3.3791362871564776,2900770816.0,-27639808,-0.8457772552597869,0.0,0,0,830483660.8,25587712,3.162685675519689,67282534.4,2486272,3.803734803860133,0,0,0,0,0,0.0,33447936,6.750908346870698,66236,7.704843852328867,66236,7.704843852328867,0.486629893805305,0.0007511351351324576,6.512471000000005,0.8727294391377193
4c9cab06-bcf7-4853-8231-ae6bc3c5b4e7,CFS,5,2,1,20.522222222222222,-22.099999999999998,-85.99221789883268,0.0,0.0,0.0,0.0,0.0,0,0.0,0.0,0.0,4.0,0,0.0,2.6666666666666665,1,50.0,0.0,0,0,0.0,0,0,1103774151.1111112,35323904,4.351841105319197,2982157880.888889,-35323904,-1.0788455451960475,0.0,0,0,830553201.7777778,25440256,3.144093750790959,69136384.0,1634304,2.408693027467552,0,0,0,0,0,0.0,33181696,6.273644266325919,66008,7.1265621204351,66008,7.1265621204351,0.5508228600000007,0.0005848541666703492,6.579871000000026,0.9145416313622502
6b595118-8070-4e71-ac15-3154782f997d,CFS,5,2,1,22.9375,-9.5,-39.09465020576132,0.0,0.0,0.0,0.0,0.0,0,0.0,0.0,0.0,4.0,0,0.0,2.625,1,50.0,0.0,0,0,0.0,0,0,1050169856.0,21655552,2.631840944615354,3035762176.0,-21655552,-0.6636490530417144,0.0,0,0,829882368.0,25325568,3.1296345975714077,70299136.0,1073152,1.5444470643716104,0,0,0,0,0,0.0,32800768,5.835522504436032,65916,6.642247134399798,65917,6.642354596150242,0.5510267500000032,0.0009569893616963646,6.556385999999975,0.788816423378335
cfb82517-87d2-4a84-ae4f-57fbb114500d,CFS,5,2,1,28.389999999999997,-20.6,-83.73983739837398,0.0,0.0,0.0,0.0,0.0,0,0.1,0.0,0.0,4.0,0,0.0,2.6,1,50.0,0.0,0,0,0.0,0,0,1187637657.6,16343040,1.9457435032160848,2898294374.4,-16343040,-0.5034833730609897,0.0,0,0,831281971.2,25243648,3.119527034551179,71478476.8,1126400,1.5964240102171137,0,0,0,0,0,0.0,32227328,5.41737097768123,65456,6.184616314930157,65456,6.184616314930157,0.42307962307692676,0.00035266935483946327,6.563908999999967,1.0063560481966705
223e7bd1-5b60-42b0-a447-4d92024b2f43,CFS,5,2,1,22.1875,-7.5,-28.517110266159694,0.0,0.0,0.0,0.0,0.0,0,0.0,0.0,0.0,4.0,0,0.0,2.375,1,50.0,0.0,0,0,0.0,0,0,1158743040.0,30359552,3.653589262036092,2927188992.0,-30359552,-0.9327106872889855,0.0,0,0,830252544.0,25255936,3.1208875751624725,72543232.0,1126400,1.571338780641106,0,0,0,0,0,0.0,32419840,5.169671694822817,65541,5.831049822064057,65541,5.831049822064057,0.5475918899999942,0.0005809791666682903,6.521151000000032,0.7418718036188018
a403efea-8d29-454a-8ef7-10e94cbdc88d,CFS,5,2,1,22.6125,-21.400000000000002,-86.9918699186992,0.0,0.0,0.0,0.0,0.0,0,0.125,1.0,0.0,4.0,0,0.0,2.5,1,50.0,0.0,0,0,0.0,0,0,1190885888.0,9383936,1.1210224742742223,2895046144.0,-9383936,-0.288839159075866,0.0,0,0,829656064.0,24621056,3.0423427709562807,73682944.0,1126400,1.547029702970297,0,0,0,0,0,0.0,31744000,4.813081645390776,63902,5.371197832087658,63902,5.371197832087658,0.5488202700000044,0.0005361428571418679,6.549751000000015,0.7691641548967642
dda906e9-62f3-4f55-a4cc-a7649be9ef89,CFS,5,2,1,20.700000000000003,-24.6,-100.0,0.0,0.0,0.0,0.0,0.0,0,0.0,0.0,0.0,4.0,0,0.0,2.6666666666666665,1,50.0,0.0,0,0,0.0,0,0,1142423096.8888888,39735296,4.887227514773524,2943508935.111111,-39735296,-1.214074301197054,0.0,0,0,830902727.1111112,25276416,3.1231969876408248,74872604.44444445,1171456,1.5843997562461913,0,0,0,0,0,0.0,32374784,4.683310669285623,65487,5.2230235106642615,65487,5.2230235106642615,0.5496576299999981,0.0005341836734617443,6.513368000000014,0.8953757338786862
2f2d5b0e-33bb-41fe-ba46-c30831dd2063,CFS,5,2,1,19.644444444444446,-25.4,-100.0,0.0,0.0,0.0,0.0,0.0,0,0.0,0.0,0.0,4.0,0,0.0,2.5555555555555554,1,50.0,0.0,0,0,0.0,0,0,1193309070.2222223,60751872,7.64729235734799,2892622961.7777777,-60751872,-1.8457150465846432,0.0,0,0,831115264.0,25137152,3.10583210186441,76080469.33333333,1204224,1.6033157004962644,0,0,0,0,0,0.0,32055296,4.429639985623197,65184,4.940172857545617,65185,4.940252389790726,0.5502382000000113,0.000850783505154947,6.571970999999962,0.7160693923073277
db972d3d-85a4-471a-bc66-4beb7d59fd11,CFS,5,2,1,22.0,-18.799999999999997,-71.75572519083968,0.0,0.0,0.0,0.0,0.0,0,0.1111111111111111,0.0,0.0,4.0,0,0.0,2.5555555555555554,1,50.0,0.0,0,0,0.0,0,0,1112041244.4444444,5951488,0.703243729853737,2973890787.5555553,-5951488,-0.18370825157283596,0.0,0,0,830805788.4444444,25280512,3.1234659743624777,77363882.66666667,1335296,1.7497718855670654,0,0,0,0,0,0.0,32612352,4.315458849481977,65415,4.723722017101152,65415,4.723722017101152,0.4232131692307663,0.00047853968253782963,6.532226000000037,0.923413479352511
d7d1b3d3-423d-4bcd-8aac-ae8550b2fe3e,CFS,5,2,1,22.475,-22.3,-87.109375,0.0,0.0,0.0,0.0,0.0,0,0.0,0.0,0.0,4.0,0,0.0,2.625,1,50.0,0.0,0,0,0.0,0,0,1247296000.0,65708032,7.927299322013797,2838636032.0,-65708032,-2.0174099384037287,0.0,0,0,830592512.0,25112576,3.102528679793333,78665216.0,1294336,1.6669304214801919,0,0,0,0,0,0.0,32600064,4.135372529051265,65253,4.498429241410118,65254,4.498501280874027,0.5318505096153814,0.0004928811881204592,6.566203000000087,0.7714984433884966
58576134-25f5-4452-a2dd-2c3442664455,CFS,5,2,1,22.175,3.400000000000002,13.765182186234826,0.0,0.0,0.0,0.0,0.0,0,0.0,0.0,0.0,4.0,0,0.0,2.5,1,50.0,0.0,0,0,0.0,0,0,1177630208.0,-25563136,-2.9341795956746592,2908301824.0,25563136,0.7951918984967675,0.0,0,0,830317568.0,24911872,3.077592575725375,79739904.0,1040384,1.3179058786903959,0,0,0,0,0,0.0,31850496,3.879842630868599,64803,4.274629598724531,64803,4.274629598724531,0.5523639000000026,0.0009025670103136287,6.639909000000102,0.7688564155577792
f9118218-36f9-44c8-aa5d-f69bf2f5c6ea,CFS,5,2,1,21.912499999999998,-1.0999999999999979,-4.641350210970455,0.15,-1.2,-100.0,0.0,0.0,0,0.0,0.0,0.0,4.0,0,0.0,2.375,1,50.0,0.0,0,0,0.0,0,0,1156302336.0,69922816,8.793773116429536,2929629696.0,-69922816,-2.124802095054119,0.0,0,0,830581248.0,25010176,3.0885335788243746,81333760.0,1146880,1.4255167498218104,0,0,0,0,0,0.0,32083968,3.7623110859212328,64879,4.103855457048013,64879,4.103855457048013,0.4240574461538437,0.0003702499999951314,6.585182000000032,0.8376859632661292
a62eb0db-1eeb-47aa-9238-d7b5d075062d,CFS,5,2,1,23.3375,-22.4,-85.49618320610686,0.0,0.0,0.0,0.0,0.0,0,0.0,0.0,0.0,4.0,0,0.0,2.5,1,50.0,0.0,0,0,0.0,0,0,1073433088.0,69275648,8.348841686453186,3012498944.0,-69275648,-2.127520400320518,0.0,0,0,830374400.0,25194496,3.111500055643799,82628608.0,1343488,1.6464210420640497,0,0,0,0,0,0.0,32468992,3.6694062616448218,65315,3.968077977607683,65315,3.968077977607683,0.5411680490196128,0.0005331800000055864,6.557532000000037,0.8805249772630226
9a114496-3c9c-4bfd-8d71-faea4bb9d3a2,CFS,5,2,1,22.55,-12.6,-51.012145748987855,0.0,0.0,0.0,0.0,0.0,0,0.025,0.0,0.0,4.0,0,0.0,2.375,1,50.0,0.0,0,0,0.0,0,0,1143802880.0,-16658432,-1.9293534981688458,2942129152.0,16658432,0.516939393400157,0.0,0,0,830523904.0,25214976,3.1136985539207007,83965952.0,1335296,1.6097970470594045,0,0,0,0,0,0.0,33329152,3.633197521906569,65667,3.836823266689805,65667,3.836823266689805,0.5521661900000049,0.0008975483871044191,6.544346999999902,0.7608410261121737
a0129ed6-83ce-466f-9dc3-7574abc59eff,CFS,5,2,1,20.3,-20.3,-84.23236514522821,0.0,0.0,0.0,0.0,0.0,0,0.0,0.0,0.0,4.0,0,0.0,2.4444444444444446,1,50.0,0.0,0,0,0.0,0,0,1123602432.0,59322368,7.497424588322385,2962329600.0,-59322368,-1.8005417911431196,0.0,0,0,831213112.8888888,25157632,3.1065859419652115,85244131.55555555,1216512,1.4433590902463915,0,0,0,0,0,0.0,32387072,3.4067285797685907,65232,3.670420625297161,65232,3.670420625297161,0.42311564615384806,0.0004661718749980892,6.516590000000065,0.8735685111496677
6c7856bd-de8d-4e28-8466-b662f83914bc,CFS,5,2,1,21.6375,-22.3,-87.45098039215686,0.0,0.0,0.0,0.0,0.0,0,0.0,0.0,0.0,4.0,0,0.0,2.5,1,50.0,0.0,0,0,0.0,0,0,1037065216.0,61022208,7.71026223586219,3048866816.0,-61022208,-1.8522501644248117,0.0,0,0,830515712.0,25223168,3.1143793494092895,85946880.0,585728,0.6850627574973652,0,0,0,0,0,0.0,32579584,3.31407691041701,65443,3.5515736049424524,65443,3.5515736049424524,0.5503098599999965,0.0003728437499953922,6.607213000000002,0.7747772775103539
787e019f-d159-425c-b459-b1493c986460,CFS,5,2,1,20.72222222222222,-21.6,-85.37549407114625,0.0,0.0,0.0,0.0,0.0,0,0.03333333333333333,0.0,0.0,4.0,0,0.0,2.6666666666666665,1,50.0,0.0,0,0,0.0,0,0,1196572672.0,49905664,5.963720374739356,2889359360.0,-49905664,-1.5359790227421712,0.0,0,0,831764707.5555556,25292800,3.1228190838382104,86690019.55555555,753664,0.8754817528667269,0,0,0,0,0,0.0,32440320,3.194057117968386,65420,3.4282216742005094,65420,3.4282216742005094,0.4235390153846241,0.0006067040000025373,6.5223629999999275,0.9508027017968761
acc29dfe-af83-45fc-9991-bdcedc650aaa,CFS,5,2,1,23.475,-19.6,-74.52471482889734,0.0,0.0,0.0,0.0,0.0,0,0.0,0.0,0.0,4.0,0,0.0,2.125,1,50.0,0.0,0,0,0.0,0,0,1143268864.0,-14499840,-1.6822936220161862,2942663168.0,14499840,0.4497436842138696,0.0,0,0,830323200.0,24989696,3.085411430334232,87288832.0,593920,0.683930003301731,0,0,0,0,0,0.0,32747520,3.124505384349335,64960,3.290940187567379,64960,3.290940187567379,0.5479617999999994,0.0005705454545461474,6.51915699999995,0.7609980579089787
d82be124-91c9-4305-98e8-085e5bd9dea4,CFS,5,2,1,21.1375,-21.400000000000002,-86.9918699186992,0.0,0.0,0.0,0.0,0.0,0,0.025,0.0,0.0,4.0,0,0.0,2.375,1,50.0,0.0,0,0,0.0,0,0,1177047040.0,19701760,2.392475391326406,2908884992.0,-19701760,-0.6038958185550443,0.0,0,0,830568960.0,24944640,3.07973946112145,87941120.0,663552,0.7589243886442425,0,0,0,0,0,0.0,32653312,3.021121703227469,64861,3.180951465490691,64861,3.180951465490691,0.5516504199999998,0.0005568541666735408,6.5970290000000205,0.8024365825703166
62796d9a-f68e-4d72-a36d-0a0d67d8de4e,CFS,5,2,1,21.51111111111111,-25.7,-100.0,0.0,0.0,0.0,0.0,0.0,0,0.0,0.0,0.0,4.0,0,0.0,2.6666666666666665,1,50.0,0.0,0,0,0.0,0,0,1146170481.7777777,54693888,6.818808534106808,2939761550.2222223,-54693888,-1.665552390123186,0.0,0,0,831627264.0,25223168,3.1140486171864334,88581916.44444445,610304,0.6927654826111215,0,0,0,0,0,0.0,32571392,2.9251694424263603,65558,3.115738285208061,65558,3.115738285208061,0.42505121538461466,0.0007301796874994437,6.573827999999935,0.9086467745153315
0a5a2a35-7d86-41d2-bfd6-a10a3e56b0f3,CFS,5,2,1,31.744444444444444,-25.9,-100.0,0.0,0.0,0.0,0.0,0.0,0,0.0,0.0,0.0,4.0,0,0.0,2.5555555555555554,1,50.0,0.0,0,0,0.0,0,0,1117971797.3333333,31510528,3.794870782997321,2967960234.6666665,-31510528,-0.9678908836077558,0.0,0,0,830899996.4444444,24932352,3.0780199942353494,89220892.44444445,659456,0.7434085976820427,0,0,0,0,0,0.0,31985664,2.7909270745658943,64798,2.986300385004991,64798,2.986300385004991,0.5495362800000032,0.0008974099999977625,6.536619999999971,0.7793390224606477
fe6d2a3b-3808-4cdd-a805-5fac2351cdd4,CFS,5,2,1,21.866666666666667,-14.100000000000001,-58.50622406639005,0.0,0.0,0.0,0.0,0.0,0,0.022222222222222223,0.0,0.0,4.0,0,0.0,2.5555555555555554,1,50.0,0.0,0,0,0.0,0,0,1106579911.1111112,9158656,1.0921381681775555,2979352120.888889,-9158656,-0.28203621062403667,0.0,0,0,831288661.3333334,25153536,3.1052634240320387,89825735.1111111,585728,0.6554221285177376,0,0,0,0,0,0.0,32415744,2.751657200673833,65364,2.9248359578878036,65364,2.9248359578878036,0.5520415599999989,0.0006617083333324558,6.5803880000000845,0.891207529519612
b7a4fabd-8b02-49dd-b5df-d97971923882,CFS,5,2,1,28.869999999999997,-21.0,-87.1369294605809,0.0,0.0,0.0,0.0,0.0,0,0.0,0.0,0.0,4.0,0,0.0,2.6,1,50.0,0.0,0,0,0.0,0,0,1159429324.8,28790784,3.505753145900977,2926502707.2,-28790784,-0.8818846661974322,0.0,0,0,831870156.8,25210880,3.11227972593735,90418790.4,581632,0.646600792313647,0,0,0,0,0,0.0,32948224,2.7219585649146847,65679,2.855335576597021,65679,2.855335576597021,0.5514478800000052,0.0005522700000062742,6.584718000000066,0.8813201733274431
b59345e2-ef60-4236-8f2e-9ee2d6a995f1,CFS,5,2,1,30.055555555555557,-26.2,-100.0,0.0,0.0,0.0,0.0,0.0,0,0.0,0.0,0.0,4.0,0,0.0,2.4444444444444446,1,50.0,0.0,0,0,0.0,0,0,1194745400.8888888,22540288,2.7321427684852817,2891186631.111111,-22540288,-0.6912231119485006,0.0,0,0,831241329.7777778,25079808,3.0958953978703394,90994005.33333333,589824,0.6514952721350044,0,0,0,0,0,0.0,32313344,2.5987716035860347,65121,2.752263334134937,65122,2.7523067612024574,0.5498242300000072,0.0005164315789479109,6.5513879999999745,0.8070529522220663
9dc5c725-1643-44e9-8774-bc41e320b44f,CFS,5,2,1,23.8375,-3.900000000000002,-14.942528735632191,0.0,0.0,0.0,0.0,0.0,0,0.0375,0.0,0.0,4.0,0,0.0,2.5,1,50.0,0.0,0,0,0.0,0,0,1218255872.0,60739584,7.549100461223617,2867676160.0,-60739584,-1.851061280127024,0.0,0,0,831243776.0,25219072,3.1131808344962884,91594752.0,606208,0.6652582370656718,0,0,0,0,0,0.0,32686080,2.5621637762055895,65421,2.690711880244998,65421,2.690711880244998,0.4248646692307637,0.00045742975206311797,6.609281999999894,0.963417679003258
f3bed208-49e3-4694-a5e1-00e325711db0,CFS,5,2,1,23.1875,-21.5,-85.65737051792827,0.0,0.0,0.0,0.0,0.0,0,0.0,0.0,0.0,4.0,0,0.0,2.375,1,50.0,0.0,0,0,0.0,0,0,1145949184.0,14569472,1.755069817930626,2939982848.0,-14569472,-0.44749343290492055,0.0,0,0,830569984.0,25104384,3.0988820968647137,92125184.0,516096,0.5626255860683188,0,0,0,0,0,0.0,32002048,2.4458771802132198,65261,2.613605599101632,65261,2.613605599101632,0.5504868499999952,0.0008990729166645414,6.522750999999971,0.899726479963185
3996b214-8903-4ac6-85a6-5fcd63276a9e,CFS,5,2,1,22.275,-26.7,-100.0,0.0,0.0,0.0,0.0,0.0,0,0.0,0.0,0.0,4.0,0,0.0,2.25,1,50.0,0.0,0,0,0.0,0,0,1143288832.0,39403520,4.820508708985589,2942643200.0,-39403520,-1.2055470200932858,0.0,0,0,830466560.0,25030656,3.0897811215435254,92626944.0,503808,0.546156920207806,0,0,0,0,0,0.0,32468992,2.4223182077228773,64977,2.5357501472231316,64977,2.5357501472231316,0.5494187800000009,0.0009098350515370802,6.534383999999818,0.7978456231064026
128096e3-0ab2-448e-969c-37dc4c1f4bfb,CFS,5,2,1,22.45,-24.9,-100.0,0.0,0.0,0.0,0.0,0.0,0,0.0375,0.0,0.0,4.0,0,0.0,2.25,1,50.0,0.0,0,0,0.0,0,0,1190899200.0,48787456,6.036877103353201,2895032832.0,-48787456,-1.4884321914230516,0.0,0,0,830867968.0,25124864,3.1012847023848646,93214208.0,598016,0.6447624094682919,0,0,0,0,0,0.0,32088064,2.3372830054702685,65155,2.4796005238158485,65156,2.479639524440182,0.4243212999999969,0.0005095703125022055,6.526350999999977,0.8862608209905422
e93f830f-3717-4c9f-8391-6ab7565b2fff,CFS,5,2,1,23.6,-2.0,-7.905138339920949,0.0,0.0,0.0,0.0,0.0,0,0.0,0.0,0.0,4.0,0,0.0,2.25,1,50.0,0.0,0,0,0.0,0,0,1179610112.0,-8642560,-1.039931394099498,2906321920.0,8642560,0.26552770800509407,0.0,0,0,831154176.0,25006080,3.086622612986566,93733888.0,503808,0.5397103992979377,0,0,0,0,0,0.0,32546816,2.316553914687494,64326,2.388635433616462,64326,2.388635433616462,0.5516071100000113,0.0003778631578968902,6.650243000000046,0.9338096324965268
51e742cc-627b-4594-849f-08a147158f46,CFS,5,2,1,21.2125,-18.400000000000002,-73.30677290836654,0.0,0.0,0.0,0.0,0.0,0,0.0,0.0,0.0,4.0,0,0.0,2.375,1,50.0,0.0,0,0,0.0,0,0,1180021248.0,50720768,6.360433103221565,2905910784.0,-50720768,-1.5423725858001578,0.0,0,0,830796800.0,24965120,3.081426505829179,94170112.0,417792,0.44516213503251434,0,0,0,0,0,0.0,32002048,2.2262081659925546,64763,2.3486018016959482,64763,2.3486018016959482,0.5494379599999979,0.0003893124999999979,6.562836000000061,0.8080926596135373
325187c7-6c63-474c-a321-bb2586257cbe,CFS,5,2,1,22.425,-22.8,-89.0625,0.0,0.0,0.0,0.0,0.0,0,0.025,0.0,0.0,4.0,0,0.0,2.625,1,50.0,0.0,0,0,0.0,0,0,1066863616.0,52871168,6.570394539263044,3019068416.0,-52871168,-1.6113146544998347,0.0,0,0,830484992.0,24690688,3.0474611231319892,94504448.0,307200,0.325874429719748,0,0,0,0,0,0.0,31182848,2.1219811661280183,63741,2.258352300266151,63741,2.258352300266151,0.4246643846153837,0.00048410937499454576,6.695283000000018,0.982128225761248
0dceceb8-3c39-426c-9102-3d873989eb96,CFS,5,2,1,28.839999999999996,-19.1,-74.609375,0.0,0.0,0.0,0.0,0.0,0,0.0,0.0,0.0,4.0,0,0.0,2.4,1,50.0,0.0,0,0,0.0,0,0,795591475.2,-30261248,-3.749473459838308,3290340556.8,30261248,0.9229220200849219,0.0,0,0,825607782.4,24432640,3.015565677655492,94796185.6,356352,0.3767864876569944,0,0,0,0,0,0.0,31576064,2.104090954374061,63527,2.2009122801668797,63527,2.2009122801668797,0.7242035714285618,0.0010611515151457284,5.058442000000014,0.7601524311432263
1be891b0-54a1-451b-b421-f70fb5a0cdea,CFS,5,2,1,23.2625,-22.4,-89.6,0.0,0.0,0.0,0.0,0.0,0,0.025,0.0,0.0,4.0,0,0.0,2.125,1,50.0,0.0,0,0,0.0,0,0,1028089856.0,105062400,13.985594564974402,3057842176.0,-105062400,-3.150567654909051,0.0,0,0,830602240.0,25055232,3.0923457239486174,95156736.0,294912,0.3106528023471545,0,0,0,0,0,0.0,32342016,2.1107191976273123,65076,2.2058875870519863,65076,2.2058875870519863,0.551815929999998,0.0004505612244995472,6.625780999999961,0.7927149674545252
0c489c1b-8c11-4cbe-94c8-38eee4ec379f,CFS,5,2,1,22.725,-6.600000000000001,-27.731092436974798,0.0,0.0,0.0,0.0,0.0,0,0.0,0.0,0.0,4.0,0,0.0,2.5,1,50.0,0.0,0,0,0.0,0,0,1084883968.0,64692224,7.723378452390267,3001048064.0,-64692224,-1.9915616496394912,0.0,0,0,830849536.0,24993792,3.084653570453649,95478272.0,327680,0.3441008215407114,0,0,0,0,0,0.0,32825344,2.0979799024311068,64941,2.1536974774866797,64941,2.1536974774866797,0.5514217500000086,0.0007127551020417109,6.584233999999924,0.7180410637156467
ad5d07f3-6876-4dc3-b1aa-efa76b224eba,CFS,5,2,1,21.3625,-24.2,-100.0,0.0,0.0,0.0,0.0,0.0,0,0.0,0.0,0.0,4.0,0,0.0,2.625,1,50.0,0.0,0,0,0.0,0,0,1161218560.0,-31154176,-3.5439546358896465,2924713472.0,31154176,0.9714876175562603,0.0,0,0,830841856.0,25124864,3.1006419653237627,95750656.0,253952,0.265763641819195,0,0,0,0,0,0.0,32624640,2.042305073967854,65347,2.121341775373516,65347,2.121341775373516,0.553322340000002,0.0006020736842162334,6.67479400000002,0.9243094612856319
3b27ef2f-ec5a-4fa0-b0b3-4ae13f00fc0b,CFS,5,2,1,22.1625,-24.2,-89.96282527881041,0.0,0.0,0.0,0.0,0.0,0,0.0,0.0,0.0,4.0,0,0.0,2.5,1,50.0,0.0,0,0,0.0,0,0,1194308608.0,25579520,3.115847665234724,2891623424.0,-25579520,-0.7834503177082354,0.0,0,0,831098880.0,25079808,3.0950659906688034,96103424.0,385024,0.40186396477277586,0,0,0,0,0,0.0,32710656,2.006706611502756,65150,2.070882345275051,65150,2.070882345275051,0.548542309999998,0.0005063434343351173,6.546803999999838,0.713025804596231
89c34f51-ae2b-4cd0-bda1-f0608b33b024,CFS,5,2,1,26.228571428571428,-6.299999999999997,-23.42007434944237,0.0,0.0,0.0,0.0,0.0,0,0.08571428571428572,-0.6,-100.0,4.0,0,0.0,2.5714285714285716,1,50.0,0.0,0,0,0.0,0,0,1069914404.5714285,28872704,3.519027911597466,3016017627.428571,-28872704,-0.8841853866696102,0.0,0,0,829928594.2857143,24911872,3.0742013748483625,96428617.14285715,323584,0.336384926548861,0,0,0,0,0,0.0,31850496,1.9154997579760142,64619,2.012217356468482,64619,2.012217356468482,0.42479815384616326,0.0006596370967654806,6.554975999999897,1.0664767953526886
740d4216-eda4-4d00-874a-07946e9684ea,CFS,5,2,1,22.85,-25.5,-100.0,0.0,0.0,0.0,0.0,0.0,0,0.125,0.0,0.0,4.0,0,0.0,2.625,1,50.0,0.0,0,0,0.0,0,0,1157559296.0,31539200,3.8354253835425385,2928372736.0,-31539200,-0.9663872928856324,0.0,0,0,830949376.0,24997888,3.084784828297328,96794624.0,360448,0.3734510269903242,0,0,0,0,0,0.0,32317440,1.9070523472575547,64907,1.9811913948036726,64909,1.9812536513806722,0.5523726199999851,0.0005862474226793809,6.617484999999988,0.9196725432104509
c860b4a1-0708-44df-9837-6bb3f3023b1c,CFS,5,2,1,31.011111111111113,-14.700000000000001,-63.0901287553648,0.0,0.0,0.0,0.0,0.0,0,0.0,0.0,0.0,4.0,0,0.0,2.4444444444444446,1,50.0,0.0,0,0,0.0,0,0,1038230414.2222222,21700608,2.5951252008307537,3047701617.7777777,-21700608,-0.6677674283769647,0.0,0,0,831387420.4444444,24907776,3.073664843663125,97163036.44444445,364544,0.3762895315406731,0,0,0,0,0,0.0,32337920,1.8725503566621404,64886,1.9419858440886395,64886,1.9419858440886395,0.5504040400000144,0.0005913263157852175,6.589126999999962,0.7592097419292144
ed9bafbe-fe99-40d3-b962-d470b00006d8,CFS,5,2,1,22.4625,-25.3,-100.0,0.0,0.0,0.0,0.0,0.0,0,0.0,0.0,0.0,4.0,0,0.0,2.375,1,50.0,0.0,0,0,0.0,0,0,1173558272.0,20131840,2.4108145757407797,2912373760.0,-20131840,-0.61927579381329,0.0,0,0,831265280.0,25370624,3.1307336551340694,97467904.0,290816,0.2990606966850596,0,0,0,0,0,0.0,32083968,1.8236954686999798,65399,1.9199497869674516,65399,1.9199497869674516,0.5547746999999913,0.0006497368420863687,6.700000999999929,1.002935759259625
e140f6a7-45f8-484f-ad79-ffb94a7009ca,CFS,5,2,1,22.4125,-12.600000000000001,-52.282157676348554,0.0,0.0,0.0,0.0,0.0,0,0.025,0.0,0.0,4.0,0,0.0,2.625,1,50.0,0.0,0,0,0.0,0,0,1226400768.0,24649728,2.9678946589732207,2859531264.0,-24649728,-0.7571982908305779,0.0,0,0,831159808.0,24535040,3.026888267902351,97718784.0,237568,0.24357466823450363,0,0,0,0,0,0.0,31772672,1.77365492499637,64209,1.8494131960466125,64209,1.8494131960466125,0.5527377300000035,0.0009229375000027554,6.676259000000073,0.7472405928044765
66d905a3-860c-4e87-ad27-d99dde96e698,CFS,5,2,1,23.642857142857142,-20.5,-87.60683760683762,0.0,0.0,0.0,0.0,0.0,0,0.0,0.0,0.0,4.0,0,0.0,2.5714285714285716,1,50.0,0.0,0,0,0.0,0,0,1116126061.7142856,61100032,7.2919874662091155,2969805970.285714,-61100032,-1.8811437939405404,0.0,0,0,830093019.4285715,25034752,3.089162155741889,97999725.71428572,311296,0.3183912861332216,0,0,0,0,0,0.0,32370688,1.775546082082217,65116,1.841452302833443,65116,1.841452302833443,0.550219169999998,0.00046611224490789027,6.576522000000068,0.8555399872737965
6e006696-0443-48db-ac6c-d2d048aee50b,CFS,5,2,1,33.05,-22.2,-89.87854251012146,0.0,0.0,0.0,0.0,0.0,0,0.0,0.0,0.0,4.0,0,0.0,2.375,1,50.0,0.0,0,0,0.0,0,0,1093898752.0,-27168768,-3.101866357399726,2992033280.0,27168768,0.8463665444690145,0.0,0,0,830566400.0,25092096,3.0961598722316004,98268160.0,249856,0.25473983128706257,0,0,0,0,0,0.0,32280576,1.7397139769826195,65147,1.8089313957207847,65147,1.8089313957207847,0.5500611700000059,0.00045991666667551573,6.534535000000005,0.7588651617700478
09b5680a-99c6-4cb8-9516-97fd26f9724d,CFS,5,2,1,22.9875,-17.200000000000003,-69.91869918699187,0.0,0.0,0.0,0.0,0.0,0,0.025,0.0,0.0,4.0,0,0.0,2.5,1,50.0,0.0,0,0,0.0,0,0,1140430848.0,20336640,2.467963693843263,2945501184.0,-20336640,-0.623458619425288,0.0,0,0,830985216.0,25112576,3.098624293699649,98466816.0,176128,0.17911442495938684,0,0,0,0,0,0.0,32538624,1.7236347777598173,64982,1.77220865273743,64982,1.77220865273743,0.42684079999999436,0.0005642079999943235,6.693322999999964,0.872139862871822
aeda4c43-d8bd-476a-a5df-e26809a62629,CFS,5,2,1,22.1125,-25.9,-100.0,0.0,0.0,0.0,0.0,0.0,0,0.0,0.0,0.0,4.0,0,0.0,2.625,1,50.0,0.0,0,0,0.0,0,0,1134394880.0,28676096,3.5084993785831693,2951537152.0,-28676096,-0.8773204945375803,0.0,0,0,830824448.0,24682496,3.045449261885389,98695168.0,241664,0.2453222453222453,0,0,0,0,0,0.0,32231424,1.6784317573195429,64172,1.7195608758366756,64172,1.7195608758366756,0.5375212815534057,0.00045569306932142497,6.684866000000056,0.7935715515175019
